time,temperature_2m_max,temperature_2m_min,precipitation_sum,relative_humidity_2m_mean,windspeed_10m_max
2023-01-01,28.6,21.3,0.0,84,13.0
2023-01-02,28.2,21.8,0.1,78,9.6
2023-01-03,27.8,22.0,0.3,76,17.7
2023-01-04,27.6,22.0,1.9,74,16.7
2023-01-05,28.5,25.0,0.0,69,22.2
2023-01-06,28.1,24.4,0.0,71,24.5
2023-01-07,28.0,23.7,0.9,74,22.3
2023-01-08,27.2,22.2,1.4,74,20.7
2023-01-09,27.0,21.8,0.0,66,17.4
2023-01-10,27.3,20.0,0.0,70,18.2
2023-01-11,27.6,19.3,0.0,76,14.2
2023-01-12,27.6,19.9,0.0,78,13.2
2023-01-13,28.0,18.8,0.0,73,10.7
2023-01-14,27.6,19.1,0.0,75,12.7
2023-01-15,27.3,18.6,0.0,74,11.2
2023-01-16,27.4,18.2,0.0,73,15.6
2023-01-17,28.1,20.2,0.2,70,12.3
2023-01-18,28.4,20.0,0.0,67,15.4
2023-01-19,28.4,19.5,0.0,65,14.9
2023-01-20,27.4,22.0,3.2,74,18.0
2023-01-21,29.1,22.8,1.9,75,21.3
2023-01-22,28.3,22.4,0.0,69,17.7
2023-01-23,28.7,24.5,0.2,69,19.3
2023-01-24,28.0,23.3,0.0,69,17.1
2023-01-25,28.0,22.3,0.4,67,16.0
2023-01-26,29.3,21.5,0.0,67,18.4
2023-01-27,28.7,21.2,0.0,68,15.8
2023-01-28,28.9,21.1,0.2,74,18.2
2023-01-29,28.5,22.7,0.6,71,23.4
2023-01-30,29.0,24.1,1.9,75,24.3
2023-01-31,27.9,24.4,2.0,78,23.5
2023-02-01,28.7,24.9,0.9,75,24.1
2023-02-02,29.0,25.6,0.0,72,24.6
2023-02-03,29.1,25.8,0.9,69,22.9
2023-02-04,29.0,23.5,0.0,73,17.7
2023-02-05,28.7,21.0,0.0,80,16.5
2023-02-06,28.6,20.8,0.0,83,15.5
2023-02-07,29.4,20.8,0.0,82,13.5
2023-02-08,29.1,22.1,0.0,81,12.0
2023-02-09,28.8,21.5,0.0,81,12.4
2023-02-10,31.3,20.4,0.0,77,15.2
2023-02-11,30.0,21.2,0.0,78,12.8
2023-02-12,30.2,19.7,0.0,77,14.4
2023-02-13,29.4,20.0,0.0,78,13.3
2023-02-14,29.2,19.6,0.0,80,16.3
2023-02-15,30.1,20.7,0.0,78,16.6
2023-02-16,29.2,20.1,0.0,78,14.8
2023-02-17,29.1,19.4,0.0,76,13.9
2023-02-18,29.5,20.8,0.0,74,14.8
2023-02-19,29.6,22.2,0.1,76,14.4
2023-02-20,30.8,20.4,0.0,72,14.4
2023-02-21,31.5,20.8,0.0,71,16.3
2023-02-22,31.0,21.0,0.0,69,14.2
2023-02-23,30.4,20.7,0.0,72,16.9
2023-02-24,30.1,20.7,0.0,71,13.0
2023-02-25,30.8,19.6,0.0,74,14.4
2023-02-26,29.5,19.9,0.0,77,14.1
2023-02-27,31.7,20.7,0.0,70,16.7
2023-02-28,30.2,23.1,0.2,75,17.8
2023-03-01,30.7,25.0,0.0,73,17.3
2023-03-02,30.6,21.7,0.0,65,14.0
2023-03-03,30.7,21.5,0.0,72,17.1
2023-03-04,31.2,21.3,0.0,74,15.9
2023-03-05,31.1,22.3,0.0,77,15.8
2023-03-06,31.0,22.3,0.0,75,14.8
2023-03-07,30.4,22.0,0.0,74,16.7
2023-03-08,30.6,23.4,0.0,73,16.2
2023-03-09,30.6,23.0,0.0,76,16.7
2023-03-10,30.4,23.4,0.0,76,16.1
2023-03-11,30.5,22.8,0.0,73,18.7
2023-03-12,30.8,23.1,0.0,78,18.4
2023-03-13,31.8,23.8,0.0,79,15.0
2023-03-14,31.2,23.4,0.0,79,14.0
2023-03-15,31.0,24.8,0.0,77,18.6
2023-03-16,30.9,25.9,0.0,74,18.6
2023-03-17,30.3,24.6,5.9,79,18.0
2023-03-18,30.4,24.8,3.3,77,16.9
2023-03-19,29.9,23.3,21.5,81,15.9
2023-03-20,28.9,23.5,1.5,82,20.6
2023-03-21,30.5,24.4,0.3,83,20.8
2023-03-22,31.9,24.7,1.4,82,17.7
2023-03-23,31.3,25.6,2.0,82,20.8
2023-03-24,31.9,26.2,1.5,83,20.2
2023-03-25,31.5,26.2,0.6,82,22.2
2023-03-26,30.7,26.5,0.7,82,20.4
2023-03-27,33.0,25.4,0.2,80,20.6
2023-03-28,32.0,25.9,0.1,80,20.6
2023-03-29,31.7,26.3,0.0,76,22.1
2023-03-30,31.6,24.8,0.0,75,22.9
2023-03-31,32.4,24.7,0.0,75,23.7
2023-04-01,32.3,26.1,2.2,78,23.5
2023-04-02,32.9,26.9,6.1,79,23.5
2023-04-03,31.3,27.2,0.8,79,23.0
2023-04-04,31.6,27.1,0.4,77,23.1
2023-04-05,32.7,26.5,0.1,78,24.7
2023-04-06,32.9,26.5,0.1,77,22.0
2023-04-07,32.0,25.5,0.0,77,16.6
2023-04-08,31.5,25.1,0.0,77,15.3
2023-04-09,32.4,25.3,0.0,72,15.0
2023-04-10,32.3,25.5,0.0,75,14.5
2023-04-11,33.1,25.0,0.0,77,12.9
2023-04-12,33.9,23.9,0.0,77,17.0
2023-04-13,34.2,24.5,0.0,78,19.1
2023-04-14,34.8,24.2,0.0,78,21.9
2023-04-15,35.3,23.9,0.0,77,19.6
2023-04-16,35.5,25.1,0.0,76,21.7
2023-04-17,34.4,24.4,0.0,77,20.1
2023-04-18,34.4,25.0,0.0,79,22.7
2023-04-19,34.7,25.3,0.0,80,25.9
2023-04-20,36.0,26.4,0.0,78,26.2
2023-04-21,35.9,27.6,0.0,76,27.4
2023-04-22,33.9,28.0,0.1,77,23.5
2023-04-23,33.5,27.9,6.3,77,25.1
2023-04-24,32.6,28.2,0.9,75,22.1
2023-04-25,32.1,27.8,0.9,74,20.2
2023-04-26,32.8,27.2,0.1,71,15.0
2023-04-27,33.1,26.9,0.1,74,17.0
2023-04-28,32.9,27.8,1.4,73,18.2
2023-04-29,31.5,27.8,4.5,77,24.9
2023-04-30,32.2,25.0,5.5,79,20.5
2023-05-01,31.0,24.9,25.5,83,16.0
2023-05-02,28.8,24.1,27.8,87,22.2
2023-05-03,29.0,25.1,9.1,88,12.0
2023-05-04,31.0,25.3,0.7,82,14.2
2023-05-05,30.3,24.7,13.0,87,17.8
2023-05-06,31.0,25.3,5.0,85,9.8
2023-05-07,32.0,25.8,0.2,81,11.8
2023-05-08,31.9,25.2,0.0,80,13.8
2023-05-09,32.9,25.6,0.1,81,13.5
2023-05-10,33.6,26.5,0.0,80,16.1
2023-05-11,34.4,26.7,0.0,81,14.8
2023-05-12,37.2,26.8,0.0,77,17.0
2023-05-13,39.9,28.7,0.0,52,20.6
2023-05-14,40.3,29.6,0.0,60,21.3
2023-05-15,37.1,28.4,0.0,70,20.6
2023-05-16,38.2,28.6,0.0,73,20.2
2023-05-17,34.1,28.5,0.0,79,26.1
2023-05-18,35.9,27.7,0.7,79,23.5
2023-05-19,35.2,28.1,0.0,79,24.0
2023-05-20,33.8,28.0,0.0,79,21.6
2023-05-21,34.5,28.1,0.0,80,23.9
2023-05-22,34.2,27.2,9.8,80,21.9
2023-05-23,35.3,27.9,0.0,74,21.7
2023-05-24,36.3,28.3,0.0,71,26.0
2023-05-25,38.5,29.0,0.9,60,21.9
2023-05-26,38.3,29.3,0.3,63,18.3
2023-05-27,37.7,28.2,0.0,65,14.9
2023-05-28,36.0,28.2,7.2,74,16.2
2023-05-29,34.6,27.9,0.0,76,20.2
2023-05-30,35.1,27.2,0.3,77,21.0
2023-05-31,34.4,26.4,0.0,77,18.6
2023-06-01,36.7,28.5,0.0,67,22.5
2023-06-02,38.7,29.3,0.0,62,16.6
2023-06-03,39.1,29.3,0.0,62,18.2
2023-06-04,37.9,29.2,0.6,59,22.1
2023-06-05,37.9,28.7,0.2,60,19.4
2023-06-06,39.8,28.4,0.1,60,20.6
2023-06-07,35.1,27.5,16.8,63,19.9
2023-06-08,37.1,30.2,0.0,58,20.4
2023-06-09,38.5,28.7,1.4,60,31.7
2023-06-10,38.7,28.6,0.8,63,22.0
2023-06-11,38.3,28.6,5.8,59,24.3
2023-06-12,38.8,28.4,0.3,57,20.1
2023-06-13,38.0,28.7,0.0,59,18.8
2023-06-14,39.4,29.6,0.0,54,19.1
2023-06-15,38.7,30.2,0.0,56,19.0
2023-06-16,39.6,29.6,1.2,54,19.5
2023-06-17,37.5,29.2,0.0,54,20.9
2023-06-18,34.3,27.0,3.0,72,22.8
2023-06-19,32.0,25.8,16.8,81,22.1
2023-06-20,34.3,25.7,2.1,72,28.2
2023-06-21,33.0,26.2,1.2,78,17.7
2023-06-22,33.2,27.2,0.5,76,14.1
2023-06-23,34.4,26.8,0.3,76,15.5
2023-06-24,34.0,27.7,0.2,69,14.8
2023-06-25,34.1,28.3,0.0,68,19.2
2023-06-26,34.9,27.9,0.9,69,18.2
2023-06-27,36.0,27.7,0.0,66,22.3
2023-06-28,35.7,27.7,2.8,65,20.4
2023-06-29,36.2,27.5,0.9,65,17.3
2023-06-30,36.3,26.8,0.0,62,17.8
2023-07-01,34.9,28.3,0.6,64,23.7
2023-07-02,33.5,26.5,3.9,77,15.5
2023-07-03,33.2,25.4,17.7,79,21.4
2023-07-04,32.2,26.2,13.2,79,17.6
2023-07-05,34.2,25.8,18.4,78,20.9
2023-07-06,31.9,27.1,0.1,72,21.9
2023-07-07,34.1,27.1,0.4,65,19.3
2023-07-08,34.3,27.2,0.3,66,18.1
2023-07-09,35.3,26.4,9.7,69,16.2
2023-07-10,31.3,25.1,22.4,84,17.3
2023-07-11,31.8,25.7,10.8,80,17.6
2023-07-12,32.5,24.5,16.2,83,15.1
2023-07-13,32.7,26.1,0.6,78,14.3
2023-07-14,33.9,26.9,0.3,70,17.0
2023-07-15,35.2,27.3,0.0,63,18.2
2023-07-16,34.1,27.5,1.0,67,15.0
2023-07-17,35.7,27.7,1.1,66,15.9
2023-07-18,36.1,27.7,0.1,61,23.9
2023-07-19,36.3,28.3,0.4,54,27.8
2023-07-20,36.2,28.3,0.0,51,29.2
2023-07-21,36.0,29.1,0.0,51,27.0
2023-07-22,34.6,27.8,1.1,58,23.9
2023-07-23,29.2,25.7,11.1,83,19.6
2023-07-24,29.5,25.5,10.3,84,15.6
2023-07-25,28.6,24.7,15.8,86,17.5
2023-07-26,28.8,25.0,5.3,83,20.5
2023-07-27,34.6,25.5,0.0,66,24.7
2023-07-28,35.3,27.0,0.5,59,24.3
2023-07-29,35.5,27.5,0.0,57,26.3
2023-07-30,35.5,28.2,0.0,60,22.7
2023-07-31,34.8,27.8,0.7,65,18.4
2023-08-01,35.2,27.4,1.3,61,22.4
2023-08-02,36.0,28.4,0.0,50,22.8
2023-08-03,37.0,28.5,0.7,56,20.9
2023-08-04,36.8,27.6,0.9,63,19.5
2023-08-05,36.4,28.3,0.6,62,18.7
2023-08-06,36.0,24.3,15.4,70,18.1
2023-08-07,35.6,26.2,0.8,72,18.7
2023-08-08,35.1,24.4,1.7,72,18.7
2023-08-09,34.4,26.7,1.9,71,15.0
2023-08-10,35.0,25.3,0.7,73,14.6
2023-08-11,33.9,26.6,2.3,75,17.0
2023-08-12,35.3,25.2,18.3,79,17.7
2023-08-13,34.5,25.2,8.1,78,14.8
2023-08-14,33.5,25.8,11.4,81,18.8
2023-08-15,33.5,25.4,2.7,80,17.3
2023-08-16,34.3,26.5,0.5,75,17.2
2023-08-17,35.4,24.9,8.5,72,21.3
2023-08-18,35.4,24.4,0.8,73,22.6
2023-08-19,35.6,27.1,0.5,66,16.5
2023-08-20,34.1,26.6,0.7,70,17.6
2023-08-21,34.3,27.5,1.8,74,13.4
2023-08-22,32.9,25.5,8.8,80,16.9
2023-08-23,33.5,26.2,5.6,82,17.9
2023-08-24,33.7,26.5,1.2,82,19.2
2023-08-25,35.1,26.9,0.1,75,20.1
2023-08-26,34.3,27.4,7.2,75,20.2
2023-08-27,33.0,25.7,12.4,80,16.7
2023-08-28,34.9,26.7,18.7,72,18.9
2023-08-29,34.2,25.5,8.6,77,17.0
2023-08-30,34.3,25.1,8.3,75,21.0
2023-08-31,34.7,24.7,3.6,76,16.9
2023-09-01,33.4,25.5,3.5,79,21.4
2023-09-02,34.1,26.8,2.3,76,18.0
2023-09-03,34.0,25.9,1.5,75,17.7
2023-09-04,32.2,25.4,5.5,72,24.6
2023-09-05,32.3,25.7,0.1,71,26.5
2023-09-06,33.0,26.0,6.4,71,19.3
2023-09-07,33.7,26.0,18.7,74,18.0
2023-09-08,33.8,25.9,2.3,75,23.5
2023-09-09,34.2,26.4,0.4,71,18.6
2023-09-10,34.1,27.3,0.0,67,15.2
2023-09-11,34.9,27.2,0.0,69,19.1
2023-09-12,35.3,26.8,5.6,68,18.9
2023-09-13,35.2,26.5,0.6,68,20.9
2023-09-14,36.1,26.0,2.5,68,23.0
2023-09-15,34.8,25.7,0.9,74,19.1
2023-09-16,33.9,26.0,16.7,79,23.2
2023-09-17,32.6,25.6,4.9,84,21.6
2023-09-18,33.1,25.0,4.2,84,18.4
2023-09-19,33.7,25.2,0.3,76,15.7
2023-09-20,34.0,26.0,0.2,75,15.1
2023-09-21,32.0,25.6,5.1,83,16.1
2023-09-22,32.8,25.5,2.6,81,17.3
2023-09-23,32.1,25.4,17.3,82,18.5
2023-09-24,33.8,24.6,18.6,83,17.1
2023-09-25,33.2,25.0,9.2,82,14.2
2023-09-26,32.8,24.8,21.7,83,18.4
2023-09-27,33.1,25.0,5.3,83,13.0
2023-09-28,33.7,25.7,8.2,78,16.7
2023-09-29,33.0,26.3,9.8,80,18.5
2023-09-30,32.4,25.7,2.7,80,18.6
2023-10-01,32.7,26.2,2.7,75,17.8
2023-10-02,33.4,26.5,0.3,73,21.2
2023-10-03,34.5,26.7,0.1,71,18.8
2023-10-04,33.9,26.3,10.0,78,14.2
2023-10-05,34.4,25.2,5.5,78,18.1
2023-10-06,34.2,26.1,3.1,77,17.8
2023-10-07,33.1,26.0,2.6,85,15.5
2023-10-08,32.7,25.9,0.0,84,16.4
2023-10-09,32.4,26.2,1.4,84,16.3
2023-10-10,32.3,25.3,0.6,85,13.5
2023-10-11,32.0,23.9,0.2,85,11.8
2023-10-12,31.2,25.4,0.4,85,11.6
2023-10-13,30.2,24.7,1.8,85,10.5
2023-10-14,29.2,23.8,22.5,87,11.0
2023-10-15,29.1,24.9,2.6,85,9.8
2023-10-16,29.6,24.9,12.6,86,10.9
2023-10-17,31.5,25.0,0.2,79,15.5
2023-10-18,31.2,25.0,0.1,73,15.6
2023-10-19,31.9,24.7,0.1,76,18.8
2023-10-20,31.6,24.6,0.2,76,14.8
2023-10-21,31.3,24.3,4.8,82,21.5
2023-10-22,31.7,25.0,2.4,77,18.6
2023-10-23,33.7,24.0,0.3,70,18.6
2023-10-24,33.3,23.2,0.1,68,17.9
2023-10-25,33.9,23.7,0.4,74,15.6
2023-10-26,30.6,23.9,1.4,79,18.2
2023-10-27,30.7,24.6,1.9,80,16.3
2023-10-28,30.2,24.5,4.8,80,14.9
2023-10-29,29.8,24.4,5.7,78,18.0
2023-10-30,30.0,24.3,8.9,84,16.4
2023-10-31,31.0,25.1,1.5,76,20.7
2023-11-01,30.4,25.2,13.4,81,21.8
2023-11-02,29.2,24.2,10.7,86,15.8
2023-11-03,29.1,24.3,14.2,87,16.5
2023-11-04,27.7,24.7,34.6,89,14.5
2023-11-05,28.8,23.9,22.2,91,11.1
2023-11-06,29.1,23.8,14.9,89,15.5
2023-11-07,28.9,24.2,13.8,88,16.6
2023-11-08,28.8,24.3,13.5,89,17.2
2023-11-09,28.6,23.5,12.8,89,15.7
2023-11-10,30.0,23.3,1.6,80,18.8
2023-11-11,30.0,25.3,0.0,71,21.9
2023-11-12,29.9,25.3,0.0,69,21.7
2023-11-13,29.9,24.9,3.8,75,23.7
2023-11-14,27.7,22.6,51.8,87,24.3
2023-11-15,25.1,23.4,35.4,90,22.6
2023-11-16,29.4,23.2,1.0,83,19.3
2023-11-17,29.5,24.3,2.2,82,21.2
2023-11-18,29.7,25.4,1.1,81,21.0
2023-11-19,29.7,25.3,0.2,79,19.7
2023-11-20,27.2,24.8,16.9,89,21.2
2023-11-21,27.5,24.2,25.3,92,14.8
2023-11-22,28.2,23.8,4.3,89,11.6
2023-11-23,26.6,24.7,10.8,87,12.1
2023-11-24,28.0,24.2,26.3,88,16.2
2023-11-25,28.6,23.9,5.1,85,19.4
2023-11-26,29.1,23.4,15.8,84,22.7
2023-11-27,29.7,24.0,3.2,83,16.9
2023-11-28,28.9,23.3,6.4,87,19.2
2023-11-29,27.5,23.1,13.7,89,19.2
2023-11-30,26.7,23.9,13.5,90,15.0
2023-12-01,29.4,23.4,3.3,83,24.2
2023-12-02,27.2,24.4,25.3,88,27.5
2023-12-03,26.1,24.1,54.0,92,34.4
2023-12-04,25.2,23.8,255.8,90,50.1
2023-12-05,31.0,23.5,14.3,80,26.0
2023-12-06,30.1,23.1,17.1,89,15.6
2023-12-07,28.9,23.5,5.6,90,13.4
2023-12-08,28.7,23.7,1.5,86,14.4
2023-12-09,29.5,24.3,0.3,83,17.3
2023-12-10,29.0,24.6,0.0,78,18.9
2023-12-11,28.2,25.0,0.6,77,17.1
2023-12-12,28.1,23.5,1.4,75,18.2
2023-12-13,27.6,22.4,0.4,74,20.0
2023-12-14,29.0,23.9,0.4,68,22.2
2023-12-15,26.4,24.7,6.1,84,23.4
2023-12-16,28.3,24.3,3.2,82,22.6
2023-12-17,28.0,24.3,3.1,81,23.9
2023-12-18,27.5,24.9,0.3,76,24.8
2023-12-19,27.8,23.8,0.0,68,23.0
2023-12-20,28.0,24.8,0.0,72,21.7
2023-12-21,28.1,24.1,0.0,74,20.2
2023-12-22,27.8,22.8,0.0,77,17.9
2023-12-23,27.7,20.9,0.0,76,14.8
2023-12-24,28.4,21.7,0.4,77,24.7
2023-12-25,28.0,24.0,3.4,85,23.4
2023-12-26,27.9,21.3,0.1,80,23.1
2023-12-27,28.2,23.4,0.3,74,22.9
2023-12-28,28.4,24.3,2.0,80,22.7
2023-12-29,28.4,24.3,2.0,81,23.9
2023-12-30,28.3,23.9,0.9,77,18.8
2023-12-31,28.1,23.3,0.2,74,17.6
2024-01-01,28.7,22.9,0.0,71,17.1
2024-01-02,27.8,23.0,0.0,70,16.5
2024-01-03,28.2,23.7,0.0,69,16.9
2024-01-04,29.0,24.7,1.0,71,19.4
2024-01-05,29.0,24.5,0.3,71,16.9
2024-01-06,28.3,24.1,2.7,78,23.4
2024-01-07,26.6,24.1,20.3,83,23.8
2024-01-08,26.8,24.0,25.5,86,23.7
2024-01-09,28.4,25.4,0.1,75,20.7
2024-01-10,28.2,24.6,0.0,78,18.3
2024-01-11,28.2,23.9,0.0,78,16.4
2024-01-12,28.4,23.4,0.0,80,14.5
2024-01-13,28.5,22.1,0.2,85,14.7
2024-01-14,28.4,20.7,0.3,84,12.6
2024-01-15,28.4,21.5,0.0,78,11.7
2024-01-16,28.1,20.5,0.0,72,10.1
2024-01-17,28.1,20.5,0.0,77,13.2
2024-01-18,28.5,20.6,0.0,79,11.6
2024-01-19,28.6,22.2,0.1,83,13.8
2024-01-20,28.7,23.9,0.0,78,14.6
2024-01-21,29.1,22.2,0.0,80,12.6
2024-01-22,28.6,22.0,0.0,81,12.9
2024-01-23,29.0,22.5,0.0,76,15.3
2024-01-24,29.4,22.3,0.0,76,16.9
2024-01-25,29.2,21.3,0.0,78,15.3
2024-01-26,29.1,22.1,1.0,77,14.8
2024-01-27,29.3,24.0,0.3,74,16.6
2024-01-28,28.9,23.3,0.2,74,17.0
2024-01-29,28.7,22.9,0.0,68,16.9
2024-01-30,29.8,20.5,0.0,72,18.8
2024-01-31,29.4,22.2,0.0,75,13.8
2024-02-01,29.2,23.9,0.6,82,14.4
2024-02-02,29.9,23.5,0.3,81,15.0
2024-02-03,29.8,23.5,0.0,79,12.6
2024-02-04,30.0,22.6,0.0,77,13.4
2024-02-05,29.8,22.1,0.0,78,13.6
2024-02-06,29.8,21.6,0.0,79,13.7
2024-02-07,30.3,21.5,0.0,82,12.8
2024-02-08,31.0,21.0,0.0,81,12.3
2024-02-09,30.1,22.3,0.1,80,14.4
2024-02-10,30.9,24.4,0.1,71,16.2
2024-02-11,30.0,24.0,0.1,71,19.2
2024-02-12,29.6,22.1,0.0,70,17.2
2024-02-13,30.2,24.0,1.1,73,19.6
2024-02-14,30.5,24.6,0.1,77,16.8
2024-02-15,29.8,22.9,0.0,78,15.8
2024-02-16,30.5,23.7,0.0,75,17.4
2024-02-17,31.1,22.4,0.0,78,16.1
2024-02-18,30.6,21.9,0.0,82,15.1
2024-02-19,31.7,22.1,0.0,77,18.4
2024-02-20,30.9,23.3,0.1,78,16.8
2024-02-21,32.2,23.2,0.0,80,20.8
2024-02-22,31.9,24.0,1.2,81,23.8
2024-02-23,33.4,25.6,0.9,78,25.6
2024-02-24,30.8,26.0,0.1,75,21.4
2024-02-25,30.7,25.5,0.0,69,16.2
2024-02-26,30.9,25.8,1.0,67,20.5
2024-02-27,30.9,25.1,0.0,76,19.5
2024-02-28,31.5,23.8,0.0,78,16.3
2024-02-29,32.0,22.1,0.0,79,14.2
2024-03-01,32.0,23.6,0.0,79,14.8
2024-03-02,33.0,22.9,0.0,75,18.0
2024-03-03,31.6,24.0,0.0,76,18.6
2024-03-04,30.8,22.3,0.1,77,17.2
2024-03-05,31.3,22.9,0.0,75,16.4
2024-03-06,32.7,23.2,0.0,77,20.8
2024-03-07,34.1,23.5,0.0,72,21.7
2024-03-08,32.1,23.8,0.0,79,22.0
2024-03-09,32.8,24.3,0.0,80,21.3
2024-03-10,32.7,24.6,0.0,75,18.1
2024-03-11,32.7,24.7,0.0,74,18.3
2024-03-12,33.4,24.2,0.0,76,21.8
2024-03-13,33.8,24.8,0.0,77,25.8
2024-03-14,33.6,24.8,0.0,76,22.0
2024-03-15,32.6,24.6,0.3,73,23.3
2024-03-16,32.2,25.9,0.4,74,24.2
2024-03-17,31.9,25.4,0.3,75,19.9
2024-03-18,32.8,24.8,0.0,75,19.9
2024-03-19,32.5,24.8,0.0,76,16.9
2024-03-20,32.2,24.8,0.0,72,18.7
2024-03-21,30.4,26.2,3.5,74,17.4
2024-03-22,31.9,24.9,0.2,74,15.2
2024-03-23,33.1,23.9,0.0,74,18.2
2024-03-24,32.6,24.3,0.0,75,20.6
2024-03-25,31.9,23.8,0.0,77,16.5
2024-03-26,31.9,23.7,0.0,72,20.5
2024-03-27,32.8,23.8,0.0,74,18.2
2024-03-28,33.7,23.6,0.0,76,20.2
2024-03-29,34.1,25.1,0.0,76,23.1
2024-03-30,34.7,24.6,0.0,73,22.3
2024-03-31,33.6,24.5,0.0,77,22.3
2024-04-01,33.7,25.3,0.1,77,22.3
2024-04-02,34.8,26.0,0.0,77,24.9
2024-04-03,35.1,26.7,0.0,76,25.9
2024-04-04,34.9,26.7,0.0,78,24.3
2024-04-05,35.0,26.3,0.0,79,23.4
2024-04-06,36.5,26.2,0.0,76,23.8
2024-04-07,36.9,25.8,0.0,76,24.0
2024-04-08,36.2,26.5,0.0,75,23.3
2024-04-09,33.3,25.9,0.0,74,16.9
2024-04-10,33.7,26.4,0.0,69,16.1
2024-04-11,33.4,26.5,0.0,70,20.0
2024-04-12,33.3,28.1,0.0,73,18.8
2024-04-13,34.0,26.4,0.5,75,16.3
2024-04-14,33.5,25.7,0.0,76,15.6
2024-04-15,34.2,25.0,0.0,76,16.3
2024-04-16,34.8,25.2,0.0,73,22.7
2024-04-17,36.2,26.0,0.0,74,26.9
2024-04-18,37.0,26.6,0.0,76,24.1
2024-04-19,36.1,27.8,0.0,77,25.9
2024-04-20,35.8,28.1,0.2,80,25.5
2024-04-21,35.5,27.6,0.0,79,27.5
2024-04-22,35.6,26.9,0.0,79,24.2
2024-04-23,34.7,26.3,0.0,75,21.4
2024-04-24,35.6,25.8,0.0,78,22.2
2024-04-25,34.8,27.0,0.0,77,22.8
2024-04-26,34.6,26.5,0.0,77,23.5
2024-04-27,34.7,26.0,0.0,76,22.8
2024-04-28,35.6,26.5,0.0,77,24.0
2024-04-29,35.5,27.6,0.0,79,23.4
2024-04-30,35.7,28.0,0.0,78,27.6
2024-05-01,37.8,28.7,0.0,74,28.0
2024-05-02,38.3,29.8,0.0,70,32.8
2024-05-03,38.5,28.0,0.0,71,29.8
2024-05-04,37.4,29.3,0.0,74,30.0
2024-05-05,36.4,29.5,0.0,75,30.2
2024-05-06,37.1,29.8,0.0,74,32.6
2024-05-07,36.9,29.8,0.1,73,24.8
2024-05-08,33.5,26.8,2.2,74,18.9
2024-05-09,32.9,27.0,2.8,78,21.4
2024-05-10,32.7,27.5,7.0,77,19.6
2024-05-11,34.2,25.6,0.6,76,19.9
2024-05-12,33.4,29.4,3.2,73,19.3
2024-05-13,33.1,26.3,8.4,77,15.6
2024-05-14,33.7,27.6,0.9,76,17.1
2024-05-15,34.0,27.1,2.9,78,20.1
2024-05-16,29.6,25.9,19.4,83,14.9
2024-05-17,30.6,26.5,1.6,81,18.9
2024-05-18,30.6,26.1,6.6,83,14.9
2024-05-19,33.1,26.2,9.5,81,17.6
2024-05-20,31.3,26.7,13.9,84,16.6
2024-05-21,30.6,26.6,24.0,86,14.5
2024-05-22,31.3,25.7,21.3,86,18.6
2024-05-23,32.5,26.6,24.7,85,14.1
2024-05-24,36.1,26.6,0.0,76,22.6
2024-05-25,36.1,27.5,16.6,71,18.8
2024-05-26,39.1,28.1,0.6,56,21.6
2024-05-27,40.9,30.4,0.1,47,23.5
2024-05-28,41.0,30.1,0.0,52,23.2
2024-05-29,40.7,30.3,0.0,55,25.2
2024-05-30,39.3,29.8,0.0,64,21.0
2024-05-31,40.2,29.0,21.9,64,21.1
2024-06-01,36.8,27.8,1.0,72,27.0
2024-06-02,33.5,27.1,22.0,79,18.7
2024-06-03,30.7,27.1,9.4,81,14.4
2024-06-04,34.5,26.9,9.6,80,11.2
2024-06-05,32.5,26.3,35.5,84,24.6
2024-06-06,32.2,26.1,28.1,87,18.9
2024-06-07,31.0,25.9,5.1,85,16.2
2024-06-08,33.7,26.7,2.1,78,23.4
2024-06-09,34.8,27.0,0.5,72,21.3
2024-06-10,36.5,27.5,7.0,70,25.9
2024-06-11,36.2,27.7,10.4,64,17.4
2024-06-12,33.8,26.8,0.6,66,20.5
2024-06-13,35.4,27.5,0.1,62,20.2
2024-06-14,35.9,27.6,0.1,64,22.7
2024-06-15,35.5,27.2,2.3,65,16.4
2024-06-16,36.3,27.1,0.2,70,17.3
2024-06-17,36.4,27.6,0.3,66,20.6
2024-06-18,37.0,27.3,0.7,68,19.1
2024-06-19,35.3,25.6,16.6,75,23.2
2024-06-20,35.6,25.6,2.1,70,16.2
2024-06-21,36.0,27.4,5.6,65,19.1
2024-06-22,36.3,27.9,0.2,61,19.6
2024-06-23,36.5,27.6,0.9,64,18.9
2024-06-24,36.1,27.9,0.2,64,24.3
2024-06-25,35.2,27.8,0.6,62,19.8
2024-06-26,36.5,28.8,0.5,59,21.1
2024-06-27,34.9,27.1,1.0,60,25.9
2024-06-28,37.1,28.5,0.0,60,24.2
2024-06-29,37.8,27.7,2.1,65,21.1
2024-06-30,34.4,28.2,0.0,73,21.6
2024-07-01,33.9,26.5,2.0,71,18.4
2024-07-02,36.0,27.7,0.0,64,17.9
2024-07-03,37.5,27.4,4.2,64,16.9
2024-07-04,34.8,26.6,2.6,66,15.2
2024-07-05,36.1,27.0,0.0,67,23.8
2024-07-06,32.2,26.1,2.2,74,14.5
2024-07-07,36.1,26.7,1.2,68,18.0
2024-07-08,32.7,26.5,11.6,73,15.8
2024-07-09,33.9,25.8,5.2,75,17.6
2024-07-10,35.5,27.0,0.2,69,15.9
2024-07-11,33.3,26.1,1.0,73,15.5
2024-07-12,35.7,27.3,2.6,70,23.4
2024-07-13,29.6,25.6,8.0,80,17.3
2024-07-14,28.5,25.4,8.9,84,14.6
2024-07-15,30.2,25.2,8.2,85,19.5
2024-07-16,31.3,25.5,2.8,81,21.8
2024-07-17,31.4,25.8,0.1,73,20.9
2024-07-18,31.9,27.1,1.1,70,23.4
2024-07-19,30.1,26.2,0.5,74,22.6
2024-07-20,33.0,25.9,0.1,70,25.5
2024-07-21,35.6,27.0,2.6,62,21.9
2024-07-22,35.2,27.4,0.0,57,24.9
2024-07-23,36.6,27.0,0.1,58,27.4
2024-07-24,36.7,28.0,0.0,55,28.9
2024-07-25,37.8,27.8,1.1,55,30.3
2024-07-26,36.5,27.5,4.6,57,27.8
2024-07-27,34.8,28.4,0.3,53,30.4
2024-07-28,37.1,28.0,0.1,49,26.6
2024-07-29,36.7,26.7,5.8,62,22.1
2024-07-30,36.0,26.9,1.5,66,19.5
2024-07-31,36.0,27.0,1.5,63,17.3
2024-08-01,35.8,28.1,2.6,62,23.5
2024-08-02,35.7,27.4,4.5,68,19.8
2024-08-03,34.8,26.3,7.7,71,15.8
2024-08-04,35.3,26.6,0.2,72,13.8
2024-08-05,32.0,24.7,0.8,82,15.0
2024-08-06,33.1,25.0,19.1,79,18.4
2024-08-07,32.3,24.9,8.8,82,13.0
2024-08-08,32.0,25.5,10.9,81,12.6
2024-08-09,32.8,24.9,20.9,84,19.2
2024-08-10,31.8,24.6,4.1,84,14.3
2024-08-11,33.5,25.0,16.2,82,13.8
2024-08-12,33.6,24.6,11.4,82,15.3
2024-08-13,32.1,25.6,0.5,80,16.7
2024-08-14,30.9,26.0,1.0,84,13.5
2024-08-15,32.0,26.1,1.6,82,18.7
2024-08-16,32.0,26.9,0.9,79,20.6
2024-08-17,32.5,26.0,0.1,79,15.0
2024-08-18,32.8,26.1,1.6,79,15.0
2024-08-19,33.1,27.2,1.7,78,21.4
2024-08-20,32.1,25.7,4.7,81,22.3
2024-08-21,31.9,26.7,1.0,76,24.0
2024-08-22,32.8,26.6,0.0,71,26.2
2024-08-23,34.1,26.6,0.1,74,22.7
2024-08-24,34.6,27.0,0.2,69,22.8
2024-08-25,35.2,27.2,0.4,62,19.4
2024-08-26,35.2,27.9,1.0,58,23.3
2024-08-27,34.1,26.5,5.1,68,16.2
2024-08-28,29.2,25.7,5.1,78,12.4
2024-08-29,33.8,24.8,8.9,78,22.6
2024-08-30,32.2,25.8,5.0,75,22.4
2024-08-31,31.6,25.5,0.3,71,19.4
2024-09-01,34.4,26.6,0.0,67,19.8
2024-09-02,35.1,25.9,2.5,70,19.4
2024-09-03,33.3,25.3,5.1,79,14.5
2024-09-04,33.7,26.1,0.0,75,17.2
2024-09-05,34.7,26.8,0.7,70,18.8
2024-09-06,33.7,25.1,17.3,77,19.3
2024-09-07,32.6,25.7,2.9,71,17.6
2024-09-08,34.0,27.1,0.0,65,21.5
2024-09-09,34.2,27.3,0.0,66,24.4
2024-09-10,36.2,27.6,1.1,66,21.6
2024-09-11,35.1,27.7,1.2,66,23.5
2024-09-12,36.4,27.3,0.8,66,18.8
2024-09-13,35.9,26.8,0.1,70,17.4
2024-09-14,36.0,26.9,0.5,68,20.0
2024-09-15,36.5,26.7,3.6,67,16.8
2024-09-16,35.8,26.9,0.4,63,19.2
2024-09-17,36.3,27.6,0.6,63,17.1
2024-09-18,34.8,26.9,1.5,70,13.8
2024-09-19,33.9,25.3,2.0,73,18.3
2024-09-20,35.9,26.5,0.4,67,14.7
2024-09-21,31.0,25.6,3.9,77,17.0
2024-09-22,33.6,25.1,12.9,79,15.7
2024-09-23,33.0,24.8,15.5,81,13.3
2024-09-24,33.4,25.6,12.4,78,15.5
2024-09-25,33.9,25.7,11.2,81,16.3
2024-09-26,30.5,26.6,0.8,84,14.7
2024-09-27,31.4,25.5,7.8,84,17.3
2024-09-28,30.8,24.3,14.1,85,14.6
2024-09-29,30.8,24.5,0.7,84,16.3
2024-09-30,30.1,25.1,0.9,85,14.3
2024-10-01,31.6,25.6,0.6,80,17.3
2024-10-02,34.4,25.5,0.0,76,19.2
2024-10-03,34.0,26.4,1.6,75,15.0
2024-10-04,32.8,26.5,2.2,78,18.3
2024-10-05,33.5,25.5,0.1,78,14.5
2024-10-06,32.2,25.5,0.0,80,13.3
2024-10-07,30.0,25.6,1.4,80,12.3
2024-10-08,30.3,24.8,1.4,81,13.2
2024-10-09,30.0,25.0,2.0,82,14.9
2024-10-10,29.8,24.3,16.5,84,14.8
2024-10-11,29.8,24.6,7.4,83,14.2
2024-10-12,29.6,25.2,3.3,82,15.8
2024-10-13,29.9,24.1,2.5,83,13.8
2024-10-14,26.7,24.3,69.2,92,24.2
2024-10-15,28.2,24.7,63.4,90,19.5
2024-10-16,28.6,23.9,39.7,90,14.5
2024-10-17,30.3,23.9,3.2,85,10.5
2024-10-18,28.8,24.4,11.6,88,14.1
2024-10-19,29.3,24.1,8.0,87,10.8
2024-10-20,29.9,24.5,5.8,86,13.5
2024-10-21,30.1,25.4,1.6,83,10.9
2024-10-22,30.3,24.3,1.0,86,12.6
2024-10-23,31.5,24.1,0.0,82,12.9
2024-10-24,31.2,25.1,0.0,79,12.7
2024-10-25,32.7,24.0,0.0,75,12.9
2024-10-26,33.5,24.2,0.0,71,13.1
2024-10-27,32.3,24.1,0.6,74,11.2
2024-10-28,32.2,24.3,1.7,76,11.8
2024-10-29,32.1,24.6,1.1,81,12.7
2024-10-30,31.5,25.5,4.8,83,13.1
2024-10-31,30.1,25.1,1.9,86,13.9
2024-11-01,29.2,24.8,5.9,85,11.8
2024-11-02,29.2,24.2,4.4,85,9.9
2024-11-03,29.6,23.7,3.7,85,17.3
2024-11-04,30.1,23.5,1.2,80,14.2
2024-11-05,30.5,23.9,0.1,73,19.1
2024-11-06,28.7,24.6,14.9,85,18.8
2024-11-07,29.6,24.0,2.6,83,20.7
2024-11-08,30.4,26.1,0.2,75,20.1
2024-11-09,30.4,24.7,1.0,74,21.8
2024-11-10,30.3,24.3,1.5,74,23.2
2024-11-11,30.2,24.0,4.4,80,27.2
2024-11-12,27.5,24.0,42.4,92,13.1
2024-11-13,26.9,24.0,33.1,92,13.5
2024-11-14,28.9,24.3,12.6,89,15.4
2024-11-15,28.1,24.1,16.9,89,13.5
2024-11-16,27.7,24.0,11.2,88,13.9
2024-11-17,29.5,24.0,2.5,80,19.3
2024-11-18,29.2,25.8,0.0,74,18.6
2024-11-19,28.7,25.4,0.5,73,19.4
2024-11-20,28.9,25.0,0.0,71,16.8
2024-11-21,29.0,25.2,0.0,69,17.3
2024-11-22,29.2,23.1,0.0,72,18.2
2024-11-23,28.9,23.5,1.1,79,18.0
2024-11-24,29.6,25.5,0.1,74,18.1
2024-11-25,29.6,24.3,1.3,75,23.0
2024-11-26,26.8,23.6,22.5,90,19.6
2024-11-27,27.7,24.5,5.4,75,26.8
2024-11-28,26.4,23.9,21.0,82,27.5
2024-11-29,25.1,23.3,25.6,91,23.3
2024-11-30,26.5,23.9,158.4,92,48.7
2024-12-01,27.8,24.8,25.3,87,28.6
2024-12-02,28.9,25.3,10.2,85,20.4
2024-12-03,29.4,24.6,4.0,85,13.9
2024-12-04,28.8,24.8,3.5,87,10.7
2024-12-05,29.1,23.7,0.8,89,11.5
2024-12-06,28.0,24.2,1.8,90,11.4
2024-12-07,29.2,24.1,0.4,84,10.8
2024-12-08,29.4,23.8,0.0,79,9.8
2024-12-09,29.2,23.3,1.0,83,12.2
2024-12-10,29.3,24.7,0.2,79,17.9
2024-12-11,27.2,24.1,16.1,87,24.9
2024-12-12,26.0,23.8,47.9,90,18.8
2024-12-13,27.9,25.2,2.1,78,20.1
2024-12-14,28.4,24.6,0.0,70,19.5
2024-12-15,27.5,24.3,0.0,68,22.4
2024-12-16,27.0,22.7,0.0,71,20.4
2024-12-17,26.3,22.1,8.2,80,22.9
2024-12-18,26.3,22.0,24.1,91,20.5
2024-12-19,27.3,23.5,7.0,90,17.4
2024-12-20,28.8,24.0,15.9,88,19.1
2024-12-21,28.6,24.1,1.5,87,16.0
2024-12-22,28.4,24.1,0.2,85,16.2
2024-12-23,28.6,23.1,0.0,83,20.0
2024-12-24,27.9,23.5,7.6,85,18.4
2024-12-25,27.5,23.1,2.8,88,19.2
2024-12-26,28.2,24.5,10.1,88,19.7
2024-12-27,28.5,23.7,4.1,80,22.2
2024-12-28,28.3,24.9,0.2,78,15.0
2024-12-29,27.9,24.3,1.0,79,19.6
2024-12-30,28.0,23.8,3.5,84,19.9
2024-12-31,28.2,24.5,0.1,81,18.7
